epoch,lr,train_loss,test_loss,test_accuracy,test_error,epoch_seconds,elapsed_seconds,train_examples,test_examples
1,0.1,1.5633665407943726,1.2958307468891144,54.22,45.78,31.55415710003581,31.55415710003581,50000,10000
2,0.1,1.0211225183105468,0.959762190580368,67.11,32.89,28.46079559996724,60.01495270000305,50000,10000
3,0.1,0.7644579876327514,0.7296451109647751,75.38,24.620000000000005,28.311921100015752,88.3268738000188,50000,10000
4,0.1,0.62355604139328,0.6808660289645195,76.78,23.22,28.313928800052963,116.64080260007177,50000,10000
5,0.1,0.5456432640647888,0.6415450593829155,78.84,21.159999999999997,28.304621999966912,144.94542460003868,50000,10000
6,0.1,0.48526183044433596,0.5184140715003014,82.52,17.480000000000004,28.346168200019747,173.29159280005842,50000,10000
7,0.1,0.4227799449157715,0.5495445188879967,81.91,18.090000000000003,28.250637900084257,201.54223070014268,50000,10000
8,0.1,0.3897828353023529,0.468630647957325,84.03,15.969999999999999,28.32377140002791,229.8660021001706,50000,10000
9,0.1,0.3557875016784668,0.41284092620015145,85.86,14.14,28.421914200065657,258.28791630023625,50000,10000
10,0.1,0.3324854547214508,0.4054346787929535,86.41,13.590000000000003,28.26016169996001,286.54807800019626,50000,10000
11,0.1,0.30313750606536866,0.3777741128206253,87.06,12.939999999999998,28.351466899970546,314.8995449001668,50000,10000
12,0.1,0.2850034187793732,0.379882420450449,87.48,12.519999999999996,28.285965399933048,343.18551030009985,50000,10000
13,0.1,0.2683436141586304,0.3818140771985054,87.39,12.61,28.3391095000552,371.52461980015505,50000,10000
14,0.1,0.2531691755962372,0.4127705207467079,86.66,13.340000000000003,28.383462199941278,399.90808200009633,50000,10000
15,0.1,0.24073818488121032,0.370415166169405,87.56,12.439999999999998,28.34398689994123,428.25206890003756,50000,10000
16,0.1,0.23615378684043883,0.4755681511759758,85.79,14.209999999999994,28.432903999928385,456.68497289996594,50000,10000
17,0.1,0.22132991048812867,0.38394289553165434,87.55,12.450000000000003,28.434675900032744,485.1196487999987,50000,10000
18,0.1,0.2096373046875,0.33907968252897264,89.41,10.590000000000003,28.302896499983035,513.4225452999817,50000,10000
19,0.1,0.2041952050971985,0.438775240033865,86.48,13.519999999999996,28.42524249991402,541.8477877998957,50000,10000
20,0.1,0.19782086794376375,0.329195988625288,89.51,10.489999999999995,28.507158300024457,570.3549460999202,50000,10000
21,0.1,0.18728319684028624,0.3654748013615608,88.93,11.069999999999993,28.64149319997523,598.9964392998954,50000,10000
22,0.1,0.1848124535751343,0.36186013340950013,88.17,11.829999999999998,28.418168000061996,627.4146072999574,50000,10000
23,0.1,0.17478365630149842,0.34302350871264936,89.29,10.709999999999994,28.531664500012994,655.9462717999704,50000,10000
24,0.1,0.17034147461414337,0.3960765646398067,87.47,12.530000000000001,28.40898379997816,684.3552555999486,50000,10000
25,0.1,0.16588068333148956,0.36480056948959827,89.09,10.909999999999997,28.511580299935304,712.8668358998839,50000,10000
26,0.1,0.16106698289871216,0.39566234081983565,88.44,11.560000000000002,28.60017740004696,741.4670132999308,50000,10000
27,0.1,0.15561403584480285,0.4512705397605896,86.84,13.159999999999997,28.432551600039005,769.8995648999698,50000,10000
28,0.1,0.1539378217792511,0.41999301835894587,87.7,12.299999999999997,28.559397999895737,798.4589628998656,50000,10000
29,0.1,0.1492228517341614,0.37973504796624186,88.58,11.420000000000002,28.497291599982418,826.956254499848,50000,10000
30,0.1,0.14952427878379823,0.3252497721463442,90.07,9.930000000000007,29.54587349994108,856.5021279997891,50000,10000
31,0.1,0.1424514424610138,0.4021129789948463,88.34,11.659999999999997,29.64819889992941,886.1503268997185,50000,10000
32,0.1,0.1420822093963623,0.353713695704937,89.25,10.75,28.847267500008456,914.997594399727,50000,10000
33,0.1,0.13580149919509887,0.3566268396377563,89.67,10.329999999999998,28.836867399979383,943.8344617997063,50000,10000
34,0.1,0.13751095125436782,0.467060050368309,87.16,12.840000000000003,29.049733499996364,972.8841952997027,50000,10000
35,0.1,0.126973819065094,0.3756939132511616,89.39,10.61,29.06977599998936,1001.9539712996921,50000,10000
36,0.1,0.12914652470588683,0.32951871752738954,90.01,9.989999999999995,30.459798299940303,1032.4137695996324,50000,10000
37,0.1,0.12726559301376342,0.36964855536818503,89.25,10.75,29.06976730003953,1061.483536899672,50000,10000
38,0.1,0.1257508653831482,0.36888652250170706,89.89,10.11,29.7629371000221,1091.246473999694,50000,10000
39,0.1,0.12454530268669128,0.4648461656272411,87.68,12.319999999999993,29.41154430003371,1120.6580182997277,50000,10000
40,0.1,0.12240831892490386,0.33120783157646655,89.94,10.060000000000002,28.861409700009972,1149.5194279997377,50000,10000
41,0.1,0.11519462172985077,0.4479964472353458,88.06,11.939999999999998,31.945214500068687,1181.4646424998064,50000,10000
42,0.1,0.12052480616092683,0.335368063300848,90.12,9.879999999999995,32.56497920001857,1214.029621699825,50000,10000
43,0.1,0.11845865728855133,0.3140862303227186,90.85,9.150000000000006,32.383924899972044,1246.413546599797,50000,10000
44,0.1,0.11448242210865021,0.37318229109048845,89.97,10.030000000000001,31.50901929999236,1277.9225658997893,50000,10000
45,0.1,0.1132360921382904,0.34202883645892146,90.33,9.670000000000002,32.03474929998629,1309.9573151997756,50000,10000
46,0.1,0.10854676913738251,0.3744886365532875,89.82,10.180000000000007,30.007581599988043,1339.9648967997637,50000,10000
47,0.1,0.11891559803009033,0.3500066571682692,89.67,10.329999999999998,29.40446290001273,1369.3693596997764,50000,10000
48,0.1,0.11345689442157746,0.34991652473807333,89.73,10.269999999999996,28.723124700016342,1398.0924843997927,50000,10000
49,0.1,0.10586721035957336,0.34699373483657836,89.86,10.14,29.789401400019415,1427.8818857998122,50000,10000
50,0.1,0.10931176594257355,0.39137772522866726,89.33,10.670000000000002,29.71795709989965,1457.5998428997118,50000,10000
51,0.1,0.10854063705921173,0.3991508841514587,88.93,11.069999999999993,28.766498200013302,1486.366341099725,50000,10000
52,0.1,0.10723155496120453,0.456167151927948,87.51,12.489999999999995,28.723210599971935,1515.089551699697,50000,10000
53,0.1,0.11067806955337524,0.41443219520151614,88.55,11.450000000000003,28.781084300018847,1543.870635999716,50000,10000
54,0.1,0.10845021258115768,0.3545838328450918,89.92,10.079999999999998,28.735105199972168,1572.605741199688,50000,10000
55,0.1,0.10678241406202316,0.3862594385445118,89.51,10.489999999999995,29.189234499935992,1601.794975699624,50000,10000
56,0.1,0.10582591383218765,0.35059299468994143,89.93,10.069999999999993,30.313073899946176,1632.1080495995702,50000,10000
57,0.1,0.10072612854599952,0.34184869833290576,91.02,8.980000000000004,30.569185000029393,1662.6772345995996,50000,10000
58,0.1,0.10456090659379959,0.36536922588944437,90.04,9.959999999999994,29.50506520003546,1692.182299799635,50000,10000
59,0.1,0.0978858456659317,0.33661550864577294,90.8,9.200000000000003,30.000000400003046,1722.1823001996381,50000,10000
60,0.1,0.10273480304718018,0.3761222930252552,89.71,10.290000000000006,29.75580419995822,1751.9381043995963,50000,10000
61,0.1,0.10044223004341125,0.3849931673705578,89.58,10.420000000000002,30.73087700002361,1782.66898139962,50000,10000
62,0.1,0.10287472390651703,0.3318720971047878,90.68,9.319999999999993,30.233096200041473,1812.9020775996614,50000,10000
63,0.1,0.10272167729377747,0.3767106181383133,89.87,10.129999999999995,29.42938939994201,1842.3314669996034,50000,10000
64,0.1,0.09588955270767212,0.436778147444129,89.32,10.680000000000007,29.35603199992329,1871.6874989995267,50000,10000
65,0.1,0.10382807878017425,0.34602092355489733,90.56,9.439999999999998,28.83417649997864,1900.5216754995054,50000,10000
66,0.1,0.10178371491670608,0.4362167464196682,88.41,11.590000000000003,28.70621780003421,1929.2278932995396,50000,10000
67,0.1,0.09930064242362976,0.3456619268655777,90.82,9.180000000000007,29.631649099988863,1958.8595423995284,50000,10000
68,0.1,0.09565631025910377,0.3572397527098656,90.09,9.909999999999997,30.848137599998154,1989.7076799995266,50000,10000
69,0.1,0.09717061861753463,0.3779380469024181,89.6,10.400000000000006,28.691300100064836,2018.3989800995914,50000,10000
70,0.1,0.09863679536819459,0.4348218320310116,89.13,10.870000000000005,28.692235400085337,2047.0912154996768,50000,10000
71,0.1,0.09911978390812874,0.3578856760263443,90.36,9.64,29.923854099935852,2077.0150695996126,50000,10000
72,0.1,0.09378549926877022,0.39449096024036406,89.68,10.319999999999993,29.797303200000897,2106.8123727996135,50000,10000
73,0.1,0.09459263657093048,0.3453632339835167,90.71,9.290000000000006,29.53862350003328,2136.350996299647,50000,10000
74,0.1,0.09451341000318528,0.35035629123449324,90.65,9.349999999999994,29.627015899983235,2165.97801219963,50000,10000
75,0.1,0.09635562301635742,0.3337421748787165,90.8,9.200000000000003,30.079257800010964,2196.057269999641,50000,10000
76,0.1,0.09249377767801285,0.39460257679224015,89.87,10.129999999999995,29.413430700078607,2225.4707006997196,50000,10000
77,0.1,0.09427090910434723,0.37353484325110914,89.5,10.5,30.167763100005686,2255.6384637997253,50000,10000
78,0.1,0.09709839616298675,0.3404225930571556,90.39,9.61,30.110692200018093,2285.7491559997434,50000,10000
79,0.1,0.09253048616886139,0.4024164389073849,89.7,10.299999999999997,29.599134400021285,2315.3482903997647,50000,10000
80,0.1,0.09197163603782654,0.47216648161411284,88.03,11.969999999999999,29.554690700024366,2344.902981099789,50000,10000
81,0.1,0.0971865852022171,0.389171140268445,89.81,10.189999999999998,29.646375100011937,2374.549356199801,50000,10000
82,0.1,0.08850118268013,0.3552110719308257,90.34,9.659999999999997,28.903261399944313,2403.4526175997453,50000,10000
83,0.1,0.09079715873241424,0.36450647071003917,90.49,9.510000000000005,28.89616569993086,2432.348783299676,50000,10000
84,0.1,0.09546076456665993,0.3311426292359829,90.95,9.049999999999997,28.859777699923143,2461.2085609995993,50000,10000
85,0.1,0.08676342035293579,0.3584274142980576,90.61,9.39,28.823294100002386,2490.0318550996017,50000,10000
86,0.1,0.09351806002616882,0.3522187752276659,90.25,9.75,28.861229799920693,2518.8930848995224,50000,10000
87,0.1,0.09127335285663604,0.4318316252529621,88.7,11.299999999999997,28.61372180003673,2547.506806699559,50000,10000
88,0.1,0.08871250952482224,0.3920554070547223,89.88,10.120000000000005,28.697170399944298,2576.2039770995034,50000,10000
89,0.1,0.09332273352384567,0.3097277807444334,91.18,8.819999999999993,28.562753200065345,2604.7667302995687,50000,10000
90,0.1,0.09192833414793014,0.345273976624012,90.31,9.689999999999998,28.912957100081258,2633.67968739965,50000,10000
91,0.1,0.08432134306907654,0.33486371994018554,91.09,8.909999999999997,29.2057357999729,2662.885423199623,50000,10000
92,0.1,0.08904152142286301,0.3411084747314453,91.17,8.829999999999998,29.010781699907966,2691.896204899531,50000,10000
93,0.1,0.08640271825551987,0.3294436631351709,91.11,8.89,29.190763999940827,2721.0869688994717,50000,10000
94,0.1,0.08720910951137542,0.3788343612849712,89.91,10.090000000000003,29.051229599979706,2750.1381984994514,50000,10000
95,0.1,0.0891748722267151,0.3643891295790672,90.16,9.840000000000003,29.11926779989153,2779.257466299343,50000,10000
96,0.1,0.09117937294006348,0.3318703567236662,90.96,9.040000000000006,28.913036299985833,2808.1705025993288,50000,10000
97,0.1,0.08686140569448471,0.33373597837984564,91.11,8.89,30.962535199942067,2839.133037799271,50000,10000
98,0.1,0.09234212558150291,0.395934431552887,89.77,10.230000000000004,31.489674300071783,2870.6227120993426,50000,10000
99,0.1,0.08364217014789581,0.34304495066404345,90.68,9.319999999999993,29.61431299999822,2900.237025099341,50000,10000
100,0.1,0.08846554804563522,0.37850680001080034,90.06,9.939999999999998,29.19814619992394,2929.4351712992648,50000,10000
101,0.1,0.08905064672112464,0.35626179531216623,90.57,9.430000000000007,29.27677729993593,2958.7119485992007,50000,10000
102,0.01,0.03487713734507561,0.23927177757024765,93.65,6.349999999999994,30.45361480000429,2989.165563399205,50000,10000
103,0.01,0.018064762279987333,0.23665297213941813,93.73,6.269999999999996,29.443116699927486,3018.6086800991325,50000,10000
104,0.01,0.013233456962555647,0.24319095253944398,93.9,6.099999999999994,30.383055899990723,3048.991735999123,50000,10000
105,0.01,0.010800865441858768,0.24922525271773338,94.15,5.849999999999994,29.813918699976057,3078.8056546990993,50000,10000
106,0.01,0.008402112001478673,0.2513188799470663,94.13,5.8700000000000045,29.122984000016004,3107.9286386991153,50000,10000
107,0.01,0.007812525437138975,0.25719146300107243,94.12,5.8799999999999955,29.00409960001707,3136.9327382991323,50000,10000
108,0.01,0.0072203253240510825,0.2584201705828309,94.23,5.769999999999996,30.208354500005953,3167.1410927991383,50000,10000
109,0.01,0.006203515682592988,0.26547413554042576,94.04,5.959999999999994,29.67080839991104,3196.8119011990493,50000,10000
110,0.01,0.005488348054289818,0.262643747292459,94.16,5.840000000000003,29.038169299950823,3225.850070499,50000,10000
111,0.01,0.004613272196315229,0.27038678735494615,94.11,5.890000000000001,30.806796199991368,3256.6568666989915,50000,10000
112,0.01,0.0043186729353107516,0.26708871688693764,94.25,5.75,30.80176079994999,3287.4586274989415,50000,10000
113,0.01,0.0037556627639010547,0.2688829591497779,94.22,5.780000000000001,29.87852260004729,3317.337150098989,50000,10000
114,0.01,0.0037596329809352754,0.27004824176430703,94.15,5.849999999999994,29.071146299946122,3346.408296398935,50000,10000
115,0.01,0.003195946695934981,0.2755216572806239,94.04,5.959999999999994,29.151671100058593,3375.5599674989935,50000,10000
116,0.01,0.0029677258229255676,0.2745050555467606,94.28,5.719999999999999,30.79381389997434,3406.353781398968,50000,10000
117,0.01,0.0030250035262852906,0.28009359568357467,94.18,5.819999999999993,30.655478499946184,3437.009259898914,50000,10000
118,0.01,0.002870032345764339,0.28104685820639136,94.11,5.890000000000001,30.12553439999465,3467.1347942989087,50000,10000
119,0.01,0.0030612093328125775,0.2827550033852458,94.24,5.760000000000005,31.050113199977204,3498.184907498886,50000,10000
120,0.01,0.002570727320536971,0.2810396073758602,94.32,5.680000000000007,30.805975100025535,3528.9908825989114,50000,10000
121,0.01,0.0022357041696459056,0.2883757184818387,94.21,5.790000000000006,29.75290219997987,3558.7437847988913,50000,10000
122,0.01,0.0024682315030135214,0.28498158827424047,94.16,5.840000000000003,30.055235599982552,3588.799020398874,50000,10000
123,0.01,0.0024300142291001975,0.28825992465019223,94.27,5.730000000000004,31.02467020007316,3619.823690598947,50000,10000
124,0.01,0.002116309292241931,0.2908995759487152,94.38,5.6200000000000045,29.987582199973986,3649.811272798921,50000,10000
125,0.01,0.0019303208958962933,0.2921903956308961,94.27,5.730000000000004,30.443333100061864,3680.254605898983,50000,10000
126,0.01,0.002199299761261791,0.2932167116180062,94.27,5.730000000000004,29.629625599947758,3709.8842314989306,50000,10000
127,0.01,0.0023311216253787278,0.2890782734751701,94.25,5.75,29.88100479997229,3739.765236298903,50000,10000
128,0.01,0.0017256332045979797,0.2925805239751935,94.25,5.75,29.379107199958526,3769.1443434988614,50000,10000
129,0.01,0.0017269500922225416,0.2921190533041954,94.27,5.730000000000004,30.37925090000499,3799.5235943988664,50000,10000
130,0.01,0.001712389298286289,0.29010063394904134,94.33,5.670000000000002,30.73900269996375,3830.26259709883,50000,10000
131,0.01,0.0016463423563353717,0.290876147672534,94.26,5.739999999999995,29.54628899996169,3859.808886098792,50000,10000
132,0.01,0.0019437127945572139,0.2960791447386146,94.26,5.739999999999995,30.171780499978922,3889.9806665987708,50000,10000
133,0.01,0.0015104113896749914,0.29811086773872375,94.32,5.680000000000007,29.828443399979733,3919.8091099987505,50000,10000
134,0.01,0.0015914082285389305,0.2976380516216159,94.38,5.6200000000000045,29.60905999992974,3949.4181699986802,50000,10000
135,0.01,0.0016348954759910703,0.2963606172800064,94.25,5.75,29.24300779995974,3978.66117779864,50000,10000
136,0.01,0.0014953523454815148,0.2943641106784344,94.32,5.680000000000007,29.708957399940118,4008.37013519858,50000,10000
137,0.01,0.0014207308416278102,0.29583696346729993,94.26,5.739999999999995,30.511988200014457,4038.8821233985946,50000,10000
138,0.01,0.0013460668753646314,0.29636497601866724,94.24,5.760000000000005,29.42496089998167,4068.3070842985762,50000,10000
139,0.01,0.0013597152306511998,0.29670856665819884,94.31,5.689999999999998,29.51966539991554,4097.826749698492,50000,10000
140,0.01,0.0014779071496985852,0.2965657906234264,94.25,5.75,29.871630600071512,4127.698380298563,50000,10000
141,0.01,0.0013255311400513165,0.2914833088591695,94.43,5.569999999999993,28.90039369999431,4156.598773998558,50000,10000
142,0.01,0.0014621739489678294,0.2925599254667759,94.33,5.670000000000002,30.392730300081894,4186.9915042986395,50000,10000
143,0.01,0.0012248097151191905,0.2900876707956195,94.31,5.689999999999998,33.776654300047085,4220.768158598687,50000,10000
144,0.01,0.0013723091777414083,0.28969717990607025,94.43,5.569999999999993,30.150431300047785,4250.918589898734,50000,10000
145,0.01,0.001246915147639811,0.28849196098744867,94.35,5.650000000000006,29.81256490002852,4280.731154798763,50000,10000
146,0.01,0.0011410901449620723,0.2907188094034791,94.54,5.459999999999994,29.664948499994352,4310.396103298757,50000,10000
147,0.01,0.0012031241632066668,0.2887087333574891,94.53,5.469999999999999,29.676761099952273,4340.0728643987095,50000,10000
148,0.01,0.0011403336781170218,0.2942460978776216,94.57,5.430000000000007,30.396179000032134,4370.469043398742,50000,10000
149,0.01,0.0015128481556568295,0.2930078721791506,94.39,5.609999999999999,29.8952209999552,4400.364264398697,50000,10000
150,0.01,0.001131837077708915,0.2933682897314429,94.44,5.560000000000002,29.457452700007707,4429.8217170987045,50000,10000
151,0.01,0.0009761177052184939,0.2964543902873993,94.29,5.709999999999994,29.72870039998088,4459.550417498685,50000,10000
152,0.001,0.0010227655071299523,0.299956171028316,94.26,5.739999999999995,29.449135500006378,4488.999552998692,50000,10000
153,0.001,0.0011718686927389354,0.29221050295978784,94.33,5.670000000000002,30.060005799983628,4519.059558798675,50000,10000
154,0.001,0.0009333410888072104,0.29703543681651357,94.38,5.6200000000000045,29.27259219996631,4548.332150998642,50000,10000
155,0.001,0.001004028105288744,0.29308539766818287,94.34,5.659999999999997,29.96584990003612,4578.298000898678,50000,10000
156,0.001,0.000864010990075767,0.293648150190711,94.32,5.680000000000007,29.90320800000336,4608.201208898681,50000,10000
157,0.001,0.0009727515697292983,0.2937881755828857,94.43,5.569999999999993,29.457124099950306,4637.6583329986315,50000,10000
158,0.001,0.0009121125165000558,0.2928466400131583,94.45,5.549999999999997,29.867204300011508,4667.525537298643,50000,10000
159,0.001,0.0010671182215726003,0.29160377953201533,94.44,5.560000000000002,29.972395499935374,4697.497932798578,50000,10000
160,0.001,0.0009272726324759424,0.2919780731201172,94.36,5.640000000000001,29.880861799931154,4727.37879459851,50000,10000
161,0.001,0.0008142039573937655,0.2938189390301704,94.35,5.650000000000006,28.81871849996969,4756.197513098479,50000,10000
162,0.001,0.0009673524707136676,0.29132808055728676,94.44,5.560000000000002,28.30142719997093,4784.49894029845,50000,10000
163,0.001,0.0007660899663623422,0.29088511008769274,94.4,5.599999999999994,28.88021860003937,4813.37915889849,50000,10000
164,0.001,0.0009350684947520495,0.29166026461869476,94.46,5.540000000000006,29.29029489995446,4842.669453798444,50000,10000
165,0.001,0.0008429907417204231,0.29296588521450756,94.39,5.609999999999999,30.072535900049843,4872.741989698494,50000,10000
166,0.001,0.0008879203442088328,0.29292676944285634,94.45,5.549999999999997,29.805356099968776,4902.547345798463,50000,10000
167,0.001,0.0008904287562798708,0.2898555051907897,94.46,5.540000000000006,28.78755090001505,4931.334896698478,50000,10000
168,0.001,0.0007950057560112328,0.29169269401580095,94.51,5.489999999999995,28.926997100003064,4960.261893798481,50000,10000
169,0.001,0.0007444263156177476,0.2921784809976816,94.39,5.609999999999999,28.96199360000901,4989.22388739849,50000,10000
170,0.001,0.0008705485186190344,0.2906367785483599,94.41,5.590000000000003,29.48145119997207,5018.705338598462,50000,10000
171,0.001,0.0009583304473268799,0.29054846737533807,94.35,5.650000000000006,29.229136999929324,5047.934475598391,50000,10000
172,0.001,0.0007559968923497945,0.2909802807494998,94.5,5.5,29.17444999993313,5077.108925598324,50000,10000
173,0.001,0.0007133369029778987,0.2915555888786912,94.45,5.549999999999997,28.69899369997438,5105.807919298299,50000,10000
174,0.001,0.0007526239565527066,0.2920883398875594,94.48,5.519999999999996,29.126397200045176,5134.934316498344,50000,10000
175,0.001,0.0007353413920756429,0.2887855846062303,94.42,5.579999999999998,28.67215690005105,5163.606473398395,50000,10000
176,0.001,0.0008086791160050779,0.29062555979937316,94.48,5.519999999999996,28.670402699965052,5192.27687609836,50000,10000
177,0.001,0.0007804031878896057,0.2914882154390216,94.44,5.560000000000002,28.246553599950857,5220.523429698311,50000,10000
178,0.001,0.0008899419302400202,0.2893138529732823,94.34,5.659999999999997,28.30850929999724,5248.831938998308,50000,10000
179,0.001,0.0008322537801368162,0.2893537586927414,94.47,5.530000000000001,28.781130600022152,5277.61306959833,50000,10000
180,0.001,0.0007733244974259287,0.2914077311754227,94.49,5.510000000000005,30.258455500006676,5307.871525098337,50000,10000
181,0.001,0.0007615441970247775,0.2936708238348365,94.43,5.569999999999993,29.974537599948235,5337.846062698285,50000,10000
182,0.001,0.0007009375000651926,0.2902437995001674,94.51,5.489999999999995,29.433502500061877,5367.279565198347,50000,10000
183,0.001,0.000706494610439986,0.2907532939687371,94.45,5.549999999999997,28.759287500055507,5396.0388526984025,50000,10000
184,0.001,0.0008478300982341171,0.29211940880864856,94.43,5.569999999999993,28.96039220003877,5424.999244898441,50000,10000
185,0.001,0.0007642546520195901,0.29249579697847367,94.47,5.530000000000001,29.205975600052625,5454.205220498494,50000,10000
186,0.001,0.0008042140354309231,0.29556226018816234,94.4,5.599999999999994,29.54415039997548,5483.749370898469,50000,10000
187,0.001,0.0007925210149679333,0.2882197281718254,94.44,5.560000000000002,29.648714800016023,5513.398085698485,50000,10000
188,0.001,0.0008456908327527345,0.29183940712362527,94.33,5.670000000000002,29.67725770000834,5543.075343398494,50000,10000
189,0.001,0.0007727901185723021,0.2901918866112828,94.46,5.540000000000006,29.471063899924047,5572.546407298418,50000,10000
190,0.001,0.0009236406295187772,0.28938683357089756,94.48,5.519999999999996,29.717419799999334,5602.263827098417,50000,10000
191,0.001,0.0007988671710575,0.2906849631667137,94.48,5.519999999999996,30.048567799967714,5632.312394898385,50000,10000
192,0.001,0.0006663854799186811,0.289678136408329,94.44,5.560000000000002,29.53010460000951,5661.842499498394,50000,10000
193,0.001,0.0007289366858359426,0.2910005844756961,94.41,5.590000000000003,29.27112389996182,5691.113623398356,50000,10000
194,0.001,0.0007626373014459387,0.2911405430361629,94.45,5.549999999999997,29.070152599946596,5720.183775998303,50000,10000
195,0.001,0.0006351472462434322,0.2919731504097581,94.39,5.609999999999999,28.534254899946973,5748.71803089825,50000,10000
196,0.001,0.000756717238035053,0.28951314751058815,94.45,5.549999999999997,28.660492099937983,5777.378522998188,50000,10000
197,0.001,0.0007181997908744961,0.2919100250676274,94.41,5.590000000000003,28.496864899992943,5805.875387898181,50000,10000
198,0.001,0.0008205080922949128,0.29121223323047163,94.47,5.530000000000001,28.428183800075203,5834.303571698256,50000,10000
199,0.001,0.0007882936500199139,0.2903697152808309,94.49,5.510000000000005,28.45083029998932,5862.754401998245,50000,10000
200,0.001,0.0007268390683503822,0.28965206887573003,94.4,5.599999999999994,28.408478199969977,5891.162880198215,50000,10000
